Component_ID,Component_Size,Entity
1,27,nico4
1,27,vincent21
1,27,moritz8
1,27,fabian26
1,27,jonas23
1,27,paula12
1,27,elias6
1,27,dominik2
1,27,natalie13
1,27,ella19
1,27,johanna22
1,27,adam9
1,27,emily15
1,27,isabella11
1,27,olivia0
1,27,selina10
1,27,lena18
1,27,valentina25
1,27,oskar24
1,27,lisa5
1,27,mia17
1,27,oliver3
1,27,leon16
1,27,emma7
1,27,katharina1
1,27,david20
1,27,luis14
2,27,beate134
2,27,clara144
2,27,alina156
2,27,laura143
2,27,marcel154
2,27,larissa136
2,27,vanessa141
2,27,gabriel146
2,27,alexander137
2,27,johanna131
2,27,david132
2,27,julian145
2,27,ella153
2,27,florian157
2,27,victoria142
2,27,dominik148
2,27,natalie151
2,27,lara150
2,27,marie139
2,27,lena147
2,27,elias149
2,27,fabian140
2,27,oskar133
2,27,sophie138
2,27,emil135
2,27,maria152
2,27,adrian155
3,27,maximilian828
3,27,maria839
3,27,nora825
3,27,natalie838
3,27,lara836
3,27,felix834
3,27,isabella815
3,27,fabian833
3,27,theodor816
3,27,selina829
3,27,valerie831
3,27,raphael840
3,27,sofia817
3,27,luisa826
3,27,david832
3,27,konstantin824
3,27,mia823
3,27,sebastian827
3,27,jakob835
3,27,elena822
3,27,sophie819
3,27,alexander820
3,27,emil837
3,27,elias830
3,27,claudia814
3,27,moritz821
3,27,michael818
4,27,jonas999
4,27,leonie975
4,27,oliver988
4,27,vincent973
4,27,tobias982
4,27,luis989
4,27,angelina978
4,27,emilia983
4,27,magdalena994
4,27,nico997
4,27,philipp979
4,27,jakob984
4,27,charlotte980
4,27,anna992
4,27,elena998
4,27,helga976
4,27,christian987
4,27,stefan991
4,27,dominik985
4,27,beate996
4,27,katharina974
4,27,alexander981
4,27,samuel977
4,27,ella990
4,27,michael995
4,27,felix986
4,27,moritz993
5,27,anastasia1188
5,27,noah1194
5,27,theodor1203
5,27,marlene1189
5,27,daniel1187
5,27,emil1191
5,27,stefan1192
5,27,vincent1196
5,27,simon1197
5,27,vanessa1200
5,27,rene1207
5,27,anna1195
5,27,sofia1199
5,27,sebastian1209
5,27,philipp1198
5,27,laura1201
5,27,leo1205
5,27,helga1185
5,27,maria1208
5,27,lara1190
5,27,lorenz1210
5,27,mia1206
5,27,selina1184
5,27,paula1193
5,27,leonie1204
5,27,konstantin1202
5,27,elias1186
6,27,tobias806
6,27,michael803
6,27,natalie811
6,27,lisa805
6,27,marie800
6,27,emil809
6,27,olivia804
6,27,helena810
6,27,dominik789
6,27,sophie787
6,27,oskar788
6,27,sebastian802
6,27,lara796
6,27,elias798
6,27,vincent792
6,27,isabella807
6,27,luis799
6,27,emily808
6,27,elena813
6,27,magdalena801
6,27,luisa791
6,27,valentin812
6,27,lorenz794
6,27,clara797
6,27,vanessa793
6,27,alexander795
6,27,laura790
7,27,lena1038
7,27,matthias1030
7,27,julia1032
7,27,konstantin1049
7,27,magdalena1044
7,27,paula1026
7,27,marcel1042
7,27,maximilian1040
7,27,marlene1033
7,27,beate1048
7,27,patrick1051
7,27,philipp1031
7,27,dominik1036
7,27,florian1037
7,27,lisa1035
7,27,olivia1043
7,27,lea1050
7,27,stefan1027
7,27,charlotte1034
7,27,angelina1028
7,27,marie1046
7,27,paul1047
7,27,alexander1052
7,27,elena1041
7,27,oliver1045
7,27,theodor1029
7,27,sophie1039
8,27,alexander1142
8,27,leo1145
8,27,rene1147
8,27,gabriel1140
8,27,sarah1156
8,27,luis1150
8,27,marie1144
8,27,clara1154
8,27,valerie1138
8,27,marlene1132
8,27,emil1148
8,27,florian1137
8,27,samuel1152
8,27,tobias1155
8,27,oliver1133
8,27,moritz1139
8,27,maximilian1157
8,27,lara1143
8,27,lena1136
8,27,olivia1134
8,27,julia1151
8,27,leonie1146
8,27,amelie1141
8,27,elena1153
8,27,emily1149
8,27,helena1135
8,27,raphael1131
9,27,gabriel551
9,27,moritz545
9,27,raphael548
9,27,luisa531
9,27,christian532
9,27,benjamin534
9,27,hannah526
9,27,sebastian547
9,27,olivia528
9,27,nora536
9,27,emma550
9,27,mia529
9,27,sofia530
9,27,lorenz543
9,27,helena539
9,27,felix525
9,27,sophie546
9,27,thomas544
9,27,marlene537
9,27,adrian535
9,27,marcel541
9,27,anastasia533
9,27,samuel538
9,27,karin549
9,27,lea540
9,27,stefan527
9,27,sarah542
10,27,lara1244
10,27,sebastian1250
10,27,emma1251
10,27,nina1241
10,27,fabian1247
10,27,helena1260
10,27,matthias1240
10,27,gabriel1248
10,27,dominik1245
10,27,elias1253
10,27,julian1242
10,27,clara1239
10,27,patrick1252
10,27,helga1238
10,27,paula1262
10,27,rene1258
10,27,nico1246
10,27,natalie1249
10,27,vincent1261
10,27,ella1257
10,27,alina1263
10,27,lea1254
10,27,jakob1237
10,27,felix1255
10,27,jan1243
10,27,charlotte1256
10,27,valentin1259
11,27,anastasia847
11,27,vincent848
11,27,thomas860
11,27,laura851
11,27,jonathan846
11,27,lorenz867
11,27,marcel845
11,27,magdalena866
11,27,lina864
11,27,olivia849
11,27,leonie859
11,27,katharina861
11,27,julia863
11,27,luisa852
11,27,florian857
11,27,anna842
11,27,elias865
11,27,theodor841
11,27,lena854
11,27,david858
11,27,marko850
11,27,noah855
11,27,matthias844
11,27,valerie843
11,27,adrian856
11,27,benjamin853
11,27,lea862
12,27,lea352
12,27,emilia365
12,27,konstantin347
12,27,magdalena350
12,27,raphael362
12,27,dominik354
12,27,julia348
12,27,lena342
12,27,valentin351
12,27,christian346
12,27,marko361
12,27,amelie364
12,27,marlene344
12,27,adam359
12,27,charlotte353
12,27,anastasia355
12,27,jonathan349
12,27,hannah366
12,27,samuel341
12,27,luis360
12,27,leon343
12,27,noah356
12,27,sofia357
12,27,selina358
12,27,tobias363
12,27,rene367
12,27,laura345
13,27,jonathan480
13,27,lena484
13,27,adam474
13,27,tobias483
13,27,maria494
13,27,thomas486
13,27,paula481
13,27,magdalena491
13,27,konstantin493
13,27,ella473
13,27,marcel490
13,27,matthias496
13,27,emilia497
13,27,valentin479
13,27,selina475
13,27,michael477
13,27,elias478
13,27,elena492
13,27,natalie489
13,27,leo485
13,27,alina482
13,27,nico495
13,27,anna488
13,27,florian476
13,27,sofia487
13,27,marlene472
13,27,maximilian498
14,27,marko912
14,27,florian896
14,27,simon913
14,27,lea895
14,27,noah905
14,27,karin911
14,27,helga917
14,27,maximilian916
14,27,sarah914
14,27,charlotte903
14,27,fabian908
14,27,patrick904
14,27,david920
14,27,jonathan918
14,27,marie894
14,27,luisa915
14,27,anastasia897
14,27,matthias899
14,27,jan902
14,27,larissa910
14,27,moritz909
14,27,johanna919
14,27,luca898
14,27,vanessa907
14,27,sofia901
14,27,lena906
14,27,paul900
15,27,jakob729
15,27,sarah711
15,27,elena722
15,27,oliver734
15,27,amelie733
15,27,ella723
15,27,paula716
15,27,maria725
15,27,leonie728
15,27,felix731
15,27,benjamin710
15,27,isabella714
15,27,nina730
15,27,johanna709
15,27,julian732
15,27,lina726
15,27,christian712
15,27,luis727
15,27,tobias713
15,27,rene718
15,27,matthias724
15,27,marie717
15,27,adam719
15,27,sebastian720
15,27,nora721
15,27,gabriel708
15,27,fabian715
16,27,lina209
16,27,johanna206
16,27,gabriel186
16,27,alexander195
16,27,vanessa193
16,27,helga203
16,27,florian208
16,27,simon210
16,27,patrick188
16,27,selina185
16,27,emma199
16,27,hannah202
16,27,anna189
16,27,beate196
16,27,luca197
16,27,jonas204
16,27,oliver207
16,27,sophie187
16,27,emilia184
16,27,elias190
16,27,sofia191
16,27,valentina201
16,27,lisa194
16,27,benjamin200
16,27,rene205
16,27,michael192
16,27,adam198
17,26,helga707
17,26,johanna688
17,26,philipp703
17,26,valerie690
17,26,emma683
17,26,marcel700
17,26,patrick686
17,26,leo693
17,26,charlotte706
17,26,lara682
17,26,tobias698
17,26,sophie694
17,26,magdalena685
17,26,daniel695
17,26,dominik702
17,26,marlene692
17,26,michael684
17,26,marie687
17,26,elena696
17,26,vincent704
17,26,luis701
17,26,helena691
17,26,julia699
17,26,valentin705
17,26,christian689
17,26,noah697
18,26,olivia746
18,26,adrian735
18,26,lukas757
18,26,mia752
18,26,nico744
18,26,lisa736
18,26,sophie753
18,26,valerie748
18,26,raphael740
18,26,theodor749
18,26,ella741
18,26,valentin737
18,26,noah745
18,26,paul739
18,26,johanna756
18,26,jonathan750
18,26,moritz758
18,26,jonas747
18,26,jakob760
18,26,helena755
18,26,sofia738
18,26,isabella743
18,26,florian754
18,26,matthias759
18,26,gertrude751
18,26,gabriel742
19,26,felix231
19,26,mia227
19,26,lea220
19,26,gabriel216
19,26,emma235
19,26,olivia230
19,26,marko232
19,26,victoria225
19,26,angelina233
19,26,david236
19,26,vanessa228
19,26,thomas218
19,26,lara217
19,26,anna234
19,26,michael226
19,26,nico221
19,26,jonathan219
19,26,lisa222
19,26,adrian213
19,26,lukas223
19,26,isabella212
19,26,oliver224
19,26,marcel214
19,26,paula229
19,26,marie215
19,26,valerie211
20,26,samuel1216
20,26,julia1213
20,26,amelie1211
20,26,emil1222
20,26,nina1221
20,26,dominik1227
20,26,thomas1214
20,26,christian1226
20,26,tobias1223
20,26,magdalena1236
20,26,sebastian1212
20,26,jonathan1233
20,26,matthias1217
20,26,noah1232
20,26,angelina1220
20,26,nico1231
20,26,stefan1219
20,26,victoria1215
20,26,luisa1229
20,26,rene1230
20,26,natalie1225
20,26,katharina1218
20,26,nora1235
20,26,valentin1234
20,26,maria1224
20,26,lina1228
21,26,emily264
21,26,larissa286
21,26,tobias281
21,26,matthias270
21,26,philipp275
21,26,gabriel273
21,26,patrick283
21,26,vincent287
21,26,lina280
21,26,karin284
21,26,vanessa276
21,26,elias263
21,26,victoria279
21,26,jonas271
21,26,lukas269
21,26,amelie277
21,26,katharina266
21,26,simon278
21,26,luisa268
21,26,sofia285
21,26,claudia272
21,26,sophie282
21,26,michael288
21,26,isabella267
21,26,olivia274
21,26,oliver265
22,26,nico91
22,26,jonas101
22,26,isabella103
22,26,lukas93
22,26,marko88
22,26,katharina99
22,26,lisa90
22,26,natalie89
22,26,philipp104
22,26,jonathan84
22,26,ella92
22,26,valerie96
22,26,jan87
22,26,amelie81
22,26,david100
22,26,gertrude97
22,26,leon98
22,26,emily102
22,26,fabian83
22,26,lea80
22,26,simon95
22,26,marlene86
22,26,florian82
22,26,vincent79
22,26,claudia94
22,26,nora85
23,26,katharina617
23,26,isabella621
23,26,lena606
23,26,nina611
23,26,matthias612
23,26,lea618
23,26,sebastian628
23,26,david616
23,26,fabian608
23,26,amelie610
23,26,clara615
23,26,marlene620
23,26,elias626
23,26,elena609
23,26,charlotte624
23,26,sarah605
23,26,karin613
23,26,patrick604
23,26,tobias625
23,26,michael622
23,26,paula614
23,26,luis629
23,26,ella623
23,26,adam627
23,26,luca619
23,26,emil607
24,26,felix65
24,26,jonas61
24,26,simon54
24,26,amelie62
24,26,nico63
24,26,raphael73
24,26,florian77
24,26,katharina64
24,26,philipp70
24,26,charlotte60
24,26,nora66
24,26,luis68
24,26,sebastian56
24,26,claudia69
24,26,valentina74
24,26,oliver71
24,26,elena55
24,26,victoria53
24,26,larissa76
24,26,stefan72
24,26,paula75
24,26,rene58
24,26,helena67
24,26,jakob78
24,26,magdalena59
24,26,tobias57
25,26,raphael289
25,26,natalie290
25,26,jonathan307
25,26,elias302
25,26,daniel311
25,26,isabella314
25,26,mia293
25,26,maria295
25,26,valentin292
25,26,lisa310
25,26,maximilian296
25,26,hannah291
25,26,theodor298
25,26,sophie309
25,26,angelina300
25,26,michael312
25,26,marlene304
25,26,larissa299
25,26,paul294
25,26,ella313
25,26,adrian303
25,26,adam306
25,26,simon297
25,26,laura308
25,26,helena301
25,26,nina305
26,26,david1128
26,26,oskar1125
26,26,leo1121
26,26,florian1111
26,26,leon1109
26,26,samuel1116
26,26,lena1112
26,26,laura1117
26,26,benjamin1115
26,26,valentin1113
26,26,natalie1105
26,26,marie1120
26,26,helena1122
26,26,paul1123
26,26,lara1114
26,26,johanna1119
26,26,maria1129
26,26,charlotte1126
26,26,emma1110
26,26,matthias1106
26,26,selina1108
26,26,alina1124
26,26,lorenz1118
26,26,luca1130
26,26,mia1127
26,26,jan1107
27,26,vanessa581
27,26,nora594
27,26,selina588
27,26,karin593
27,26,tobias600
27,26,sarah592
27,26,luca603
27,26,sophie601
27,26,vincent597
27,26,paul583
27,26,rene582
27,26,paula591
27,26,valentin602
27,26,claudia579
27,26,mia595
27,26,lisa599
27,26,theodor578
27,26,marcel580
27,26,katharina584
27,26,jonathan585
27,26,gertrude596
27,26,victoria598
27,26,luisa590
27,26,felix587
27,26,hannah586
27,26,florian589
28,26,marie43
28,26,moritz31
28,26,luisa47
28,26,beate36
28,26,sebastian49
28,26,paula50
28,26,sofia28
28,26,marcel27
28,26,magdalena52
28,26,elias46
28,26,lukas51
28,26,tobias37
28,26,karin41
28,26,raphael29
28,26,alina32
28,26,marlene40
28,26,hannah39
28,26,thomas42
28,26,victoria30
28,26,clara34
28,26,maria38
28,26,luca33
28,26,ella45
28,26,marko48
28,26,luis35
28,26,dominik44
29,26,luisa506
29,26,luca523
29,26,sarah514
29,26,larissa518
29,26,ella500
29,26,luis513
29,26,fabian520
29,26,leonie504
29,26,beate499
29,26,marcel521
29,26,philipp503
29,26,lara522
29,26,christian510
29,26,tobias505
29,26,sofia502
29,26,jonas507
29,26,victoria515
29,26,florian516
29,26,leon519
29,26,hannah509
29,26,noah501
29,26,julian508
29,26,marlene512
29,26,emilia511
29,26,lena524
29,26,olivia517
30,26,lina644
30,26,maximilian655
30,26,lea640
30,26,sofia654
30,26,fabian636
30,26,michael645
30,26,raphael642
30,26,magdalena639
30,26,philipp649
30,26,leon635
30,26,paula648
30,26,emilia633
30,26,gertrude637
30,26,sophie646
30,26,anna650
30,26,jakob647
30,26,lena641
30,26,marlene630
30,26,patrick652
30,26,karin651
30,26,luisa632
30,26,luca631
30,26,valentin638
30,26,anastasia643
30,26,maria653
30,26,dominik634
31,26,luisa122
31,26,marlene127
31,26,valentina115
31,26,adam125
31,26,rene112
31,26,katharina119
31,26,anastasia106
31,26,julian108
31,26,hannah118
31,26,daniel114
31,26,emil110
31,26,theodor105
31,26,vincent107
31,26,lena111
31,26,noah128
31,26,valerie126
31,26,leo121
31,26,oliver117
31,26,marie113
31,26,claudia109
31,26,larissa124
31,26,luca129
31,26,emilia130
31,26,johanna116
31,26,victoria120
31,26,alina123
32,26,gabriel241
32,26,olivia244
32,26,laura253
32,26,emma239
32,26,nora237
32,26,moritz259
32,26,claudia250
32,26,anna258
32,26,sophie248
32,26,anastasia246
32,26,benjamin247
32,26,leo262
32,26,luis249
32,26,valerie260
32,26,isabella242
32,26,sarah251
32,26,elena257
32,26,sebastian240
32,26,ella255
32,26,charlotte261
32,26,emil252
32,26,felix245
32,26,paul243
32,26,jonathan256
32,26,julian238
32,26,rene254
33,26,michael1267
33,26,marcel1266
33,26,sebastian1277
33,26,valerie1284
33,26,philipp1285
33,26,valentina1272
33,26,valentin1282
33,26,sofia1269
33,26,anna1287
33,26,jakob1286
33,26,florian1274
33,26,marlene1278
33,26,marko1273
33,26,emilia1288
33,26,lea1264
33,26,adam1281
33,26,emily1270
33,26,laura1271
33,26,sophie1289
33,26,maximilian1283
33,26,leonie1280
33,26,paul1279
33,26,larissa1275
33,26,lena1265
33,26,thomas1268
33,26,christian1276
34,26,sarah776
34,26,oskar771
34,26,oliver761
34,26,rene765
34,26,michael775
34,26,emma779
34,26,nora766
34,26,moritz768
34,26,luca763
34,26,emily784
34,26,noah786
34,26,samuel780
34,26,lukas772
34,26,lara770
34,26,natalie778
34,26,marcel785
34,26,selina774
34,26,anastasia769
34,26,vanessa783
34,26,johanna781
34,26,luis773
34,26,luisa764
34,26,hannah777
34,26,magdalena782
34,26,alina762
34,26,florian767
35,26,jan429
35,26,adam426
35,26,helena435
35,26,felix441
35,26,konstantin439
35,26,leon427
35,26,lena434
35,26,luisa420
35,26,beate436
35,26,jonas421
35,26,karin440
35,26,emilia428
35,26,lisa445
35,26,sarah437
35,26,anna438
35,26,magdalena430
35,26,tobias444
35,26,oskar431
35,26,florian443
35,26,leonie422
35,26,isabella442
35,26,philipp432
35,26,fabian433
35,26,lorenz424
35,26,lea425
35,26,clara423
36,26,lara1174
36,26,lea1165
36,26,julian1177
36,26,victoria1159
36,26,stefan1158
36,26,paul1170
36,26,emma1180
36,26,clara1182
36,26,nora1181
36,26,beate1163
36,26,laura1173
36,26,vanessa1179
36,26,leo1168
36,26,larissa1176
36,26,anna1166
36,26,paula1178
36,26,helena1169
36,26,oliver1164
36,26,felix1172
36,26,luca1162
36,26,lina1161
36,26,charlotte1171
36,26,marko1175
36,26,benjamin1167
36,26,raphael1160
36,26,marcel1183
37,26,hannah385
37,26,rene370
37,26,oliver381
37,26,julia391
37,26,claudia379
37,26,valerie369
37,26,nico392
37,26,mia393
37,26,emil380
37,26,gertrude378
37,26,johanna389
37,26,clara377
37,26,sophie373
37,26,vincent372
37,26,alina371
37,26,julian383
37,26,simon374
37,26,elena388
37,26,sarah390
37,26,david387
37,26,leonie375
37,26,leo368
37,26,lisa382
37,26,tobias384
37,26,florian376
37,26,fabian386
38,26,sofia1090
38,26,natalie1096
38,26,emilia1089
38,26,julian1094
38,26,sebastian1098
38,26,jonas1085
38,26,marie1103
38,26,felix1100
38,26,elena1084
38,26,lorenz1092
38,26,paul1083
38,26,sarah1095
38,26,konstantin1104
38,26,anastasia1101
38,26,luis1087
38,26,thomas1091
38,26,helena1099
38,26,rene1082
38,26,charlotte1097
38,26,oskar1093
38,26,leo1088
38,26,gertrude1080
38,26,theodor1102
38,26,katharina1086
38,26,benjamin1079
38,26,marlene1081
39,26,marlene679
39,26,valerie678
39,26,marko660
39,26,moritz663
39,26,paul676
39,26,jonathan674
39,26,stefan677
39,26,oskar664
39,26,natalie673
39,26,alina671
39,26,theodor669
39,26,helena661
39,26,selina659
39,26,anna681
39,26,christian666
39,26,valentina667
39,26,michael672
39,26,karin657
39,26,jakob658
39,26,charlotte670
39,26,sofia662
39,26,oliver668
39,26,sarah656
39,26,elena665
39,26,angelina680
39,26,patrick675
40,26,matthias927
40,26,marcel943
40,26,charlotte945
40,26,lina932
40,26,lea937
40,26,paula926
40,26,konstantin938
40,26,luisa933
40,26,nina940
40,26,daniel946
40,26,sebastian923
40,26,jonathan930
40,26,paul925
40,26,emma936
40,26,nora944
40,26,valentin934
40,26,oliver935
40,26,fabian921
40,26,natalie922
40,26,jonas942
40,26,tobias941
40,26,larissa924
40,26,clara931
40,26,lara929
40,26,michael939
40,26,marko928
41,26,julian469
41,26,karin468
41,26,nina456
41,26,sofia470
41,26,amelie453
41,26,katharina446
41,26,samuel463
41,26,lorenz452
41,26,thomas464
41,26,anna457
41,26,emil465
41,26,marlene447
41,26,sophie455
41,26,luisa460
41,26,hannah467
41,26,stefan454
41,26,elias461
41,26,luca450
41,26,rene448
41,26,leon462
41,26,florian471
41,26,marie466
41,26,leo449
41,26,moritz459
41,26,leonie451
41,26,marko458
42,26,leonie1016
42,26,florian1019
42,26,elias1010
42,26,elena1012
42,26,valentina1015
42,26,angelina1002
42,26,michael1025
42,26,larissa1020
42,26,patrick1006
42,26,isabella1021
42,26,olivia1007
42,26,luis1014
42,26,gabriel1004
42,26,paul1008
42,26,claudia1017
42,26,anna1000
42,26,selina1013
42,26,valentin1024
42,26,thomas1005
42,26,emily1018
42,26,tobias1011
42,26,anastasia1003
42,26,daniel1022
42,26,oliver1001
42,26,emma1023
42,26,julia1009
43,26,daniel1309
43,26,oliver1295
43,26,jakob1293
43,26,lea1291
43,26,claudia1300
43,26,adrian1314
43,26,alina1296
43,26,tobias1292
43,26,samuel1310
43,26,emilia1308
43,26,sophie1294
43,26,moritz1298
43,26,valentina1303
43,26,david1306
43,26,sarah1305
43,26,natalie1313
43,26,mia1301
43,26,anna1297
43,26,jan1299
43,26,leo1304
43,26,marie1311
43,26,patrick1290
43,26,julia1307
43,26,emily1312
43,26,marko1315
43,26,beate1302
44,26,adrian397
44,26,vanessa394
44,26,emilia415
44,26,johanna404
44,26,samuel412
44,26,paul418
44,26,valentin414
44,26,lisa400
44,26,philipp401
44,26,patrick411
44,26,mia413
44,26,marlene405
44,26,laura399
44,26,thomas409
44,26,beate406
44,26,marko416
44,26,jakob403
44,26,lara402
44,26,julia417
44,26,jonas419
44,26,julian410
44,26,larissa408
44,26,matthias398
44,26,lena395
44,26,david396
44,26,oskar407
45,26,christian1053
45,26,sebastian1069
45,26,laura1075
45,26,david1072
45,26,leon1055
45,26,nora1056
45,26,helena1070
45,26,jan1062
45,26,adam1073
45,26,maria1077
45,26,olivia1054
45,26,angelina1059
45,26,matthias1078
45,26,isabella1065
45,26,tobias1076
45,26,alexander1066
45,26,marcel1058
45,26,nina1063
45,26,elena1074
45,26,elias1064
45,26,moritz1061
45,26,hannah1068
45,26,vanessa1060
45,26,gabriel1071
45,26,valerie1067
45,26,marko1057
46,26,laura869
46,26,valentina880
46,26,sarah893
46,26,selina871
46,26,patrick883
46,26,nico888
46,26,luis868
46,26,adrian870
46,26,paula881
46,26,lorenz876
46,26,adam892
46,26,marlene884
46,26,natalie877
46,26,magdalena873
46,26,thomas875
46,26,noah886
46,26,charlotte891
46,26,elias878
46,26,larissa885
46,26,claudia887
46,26,katharina889
46,26,stefan890
46,26,helena872
46,26,dominik882
46,26,fabian879
46,26,jan874
47,26,valerie963
47,26,leon956
47,26,maximilian949
47,26,ella953
47,26,sebastian964
47,26,lisa971
47,26,vanessa955
47,26,laura959
47,26,thomas966
47,26,philipp958
47,26,helena961
47,26,christian960
47,26,simon970
47,26,elias950
47,26,stefan947
47,26,sophie948
47,26,benjamin952
47,26,hannah965
47,26,alina957
47,26,beate962
47,26,marie972
47,26,florian954
47,26,konstantin968
47,26,magdalena967
47,26,jakob969
47,26,emma951
48,26,noah557
48,26,anna559
48,26,leon565
48,26,valentina566
48,26,oskar563
48,26,konstantin556
48,26,hannah571
48,26,alexander573
48,26,charlotte576
48,26,lisa575
48,26,helena558
48,26,lara560
48,26,gertrude569
48,26,victoria567
48,26,marie555
48,26,vanessa570
48,26,julia561
48,26,theodor552
48,26,emil568
48,26,helga553
48,26,christian572
48,26,nora564
48,26,marcel562
48,26,ella577
48,26,mia574
48,26,julian554
49,26,marko317
49,26,olivia327
49,26,david329
49,26,helena324
49,26,jonathan332
49,26,victoria334
49,26,sebastian320
49,26,michael340
49,26,gabriel333
49,26,lina322
49,26,ella339
49,26,lara321
49,26,laura337
49,26,adrian330
49,26,selina319
49,26,elias338
49,26,johanna331
49,26,benjamin336
49,26,oliver328
49,26,nico326
49,26,julia316
49,26,leonie318
49,26,angelina335
49,26,matthias323
49,26,alexander325
49,26,helga315
50,26,isabella166
50,26,emma177
50,26,emilia161
50,26,paul167
50,26,rene162
50,26,oliver165
50,26,jonas170
50,26,konstantin163
50,26,laura179
50,26,leon181
50,26,maria164
50,26,alina173
50,26,mia175
50,26,gabriel176
50,26,jan168
50,26,simon172
50,26,lara158
50,26,marko180
50,26,helga183
50,26,johanna171
50,26,natalie178
50,26,elias159
50,26,marie169
50,26,tobias174
50,26,philipp160
50,26,oskar182
